site,survey,species,count
Arroyo Burro East,1,black_bellied_plover,0
Arroyo Burro East,1,snowy_plover,0
Arroyo Burro East,1,semipalmated_plover,0
Arroyo Burro East,1,killdeer,0
Arroyo Burro East,1,greater_yellowlegs,0
Arroyo Burro East,1,willet,0
Arroyo Burro East,1,spotted_sandpiper,0
Arroyo Burro East,1,whimbrel,9
Arroyo Burro East,1,long_billed_curlew,28
Arroyo Burro East,1,marbled_godwit,0
Arroyo Burro East,1,black_turnstone,0
Arroyo Burro East,1,sanderling,0
Arroyo Burro East,1,western_sandpiper,0
Arroyo Burro East,1,least_sandpiper,0
Arroyo Burro East,1,dunlin,0
Arroyo Burro East,2,black_bellied_plover,0
Arroyo Burro East,2,snowy_plover,0
Arroyo Burro East,2,semipalmated_plover,0
Arroyo Burro East,2,killdeer,0
Arroyo Burro East,2,greater_yellowlegs,0
Arroyo Burro East,2,willet,0
Arroyo Burro East,2,spotted_sandpiper,0
Arroyo Burro East,2,whimbrel,0
Arroyo Burro East,2,long_billed_curlew,0
Arroyo Burro East,2,marbled_godwit,0
Arroyo Burro East,2,black_turnstone,0
Arroyo Burro East,2,sanderling,0
Arroyo Burro East,2,western_sandpiper,0
Arroyo Burro East,2,least_sandpiper,0
Arroyo Burro East,2,dunlin,0
Arroyo Burro East,3,black_bellied_plover,2
Arroyo Burro East,3,snowy_plover,0
Arroyo Burro East,3,semipalmated_plover,0
Arroyo Burro East,3,killdeer,0
Arroyo Burro East,3,greater_yellowlegs,0
Arroyo Burro East,3,willet,0
Arroyo Burro East,3,spotted_sandpiper,0
Arroyo Burro East,3,whimbrel,0
Arroyo Burro East,3,long_billed_curlew,2
Arroyo Burro East,3,marbled_godwit,3
Arroyo Burro East,3,black_turnstone,0
Arroyo Burro East,3,sanderling,0
Arroyo Burro East,3,western_sandpiper,0
Arroyo Burro East,3,least_sandpiper,0
Arroyo Burro East,3,dunlin,0
Arroyo Burro West,1,black_bellied_plover,4
Arroyo Burro West,1,snowy_plover,0
Arroyo Burro West,1,semipalmated_plover,0
Arroyo Burro West,1,killdeer,0
Arroyo Burro West,1,greater_yellowlegs,0
Arroyo Burro West,1,willet,0
Arroyo Burro West,1,spotted_sandpiper,0
Arroyo Burro West,1,whimbrel,4
Arroyo Burro West,1,long_billed_curlew,20
Arroyo Burro West,1,marbled_godwit,12
Arroyo Burro West,1,black_turnstone,0
Arroyo Burro West,1,sanderling,0
Arroyo Burro West,1,western_sandpiper,0
Arroyo Burro West,1,least_sandpiper,0
Arroyo Burro West,1,dunlin,0
Arroyo Burro West,2,black_bellied_plover,7
Arroyo Burro West,2,snowy_plover,0
Arroyo Burro West,2,semipalmated_plover,0
Arroyo Burro West,2,killdeer,0
Arroyo Burro West,2,greater_yellowlegs,0
Arroyo Burro West,2,willet,0
Arroyo Burro West,2,spotted_sandpiper,1
Arroyo Burro West,2,whimbrel,1
Arroyo Burro West,2,long_billed_curlew,0
Arroyo Burro West,2,marbled_godwit,0
Arroyo Burro West,2,black_turnstone,0
Arroyo Burro West,2,sanderling,48
Arroyo Burro West,2,western_sandpiper,0
Arroyo Burro West,2,least_sandpiper,0
Arroyo Burro West,2,dunlin,0
Arroyo Burro West,3,black_bellied_plover,3
Arroyo Burro West,3,snowy_plover,0
Arroyo Burro West,3,semipalmated_plover,0
Arroyo Burro West,3,killdeer,0
Arroyo Burro West,3,greater_yellowlegs,0
Arroyo Burro West,3,willet,0
Arroyo Burro West,3,spotted_sandpiper,0
Arroyo Burro West,3,whimbrel,0
Arroyo Burro West,3,long_billed_curlew,0
Arroyo Burro West,3,marbled_godwit,3
Arroyo Burro West,3,black_turnstone,0
Arroyo Burro West,3,sanderling,0
Arroyo Burro West,3,western_sandpiper,0
Arroyo Burro West,3,least_sandpiper,0
Arroyo Burro West,3,dunlin,0
Arroyo Quemado,1,black_bellied_plover,0
Arroyo Quemado,1,snowy_plover,0
Arroyo Quemado,1,semipalmated_plover,0
Arroyo Quemado,1,killdeer,2
Arroyo Quemado,1,greater_yellowlegs,0
Arroyo Quemado,1,willet,0
Arroyo Quemado,1,spotted_sandpiper,0
Arroyo Quemado,1,whimbrel,0
Arroyo Quemado,1,long_billed_curlew,3
Arroyo Quemado,1,marbled_godwit,0
Arroyo Quemado,1,black_turnstone,0
Arroyo Quemado,1,sanderling,0
Arroyo Quemado,1,western_sandpiper,0
Arroyo Quemado,1,least_sandpiper,0
Arroyo Quemado,1,dunlin,0
Arroyo Quemado,2,black_bellied_plover,0
Arroyo Quemado,2,snowy_plover,0
Arroyo Quemado,2,semipalmated_plover,0
Arroyo Quemado,2,killdeer,5
Arroyo Quemado,2,greater_yellowlegs,0
Arroyo Quemado,2,willet,0
Arroyo Quemado,2,spotted_sandpiper,0
Arroyo Quemado,2,whimbrel,1
Arroyo Quemado,2,long_billed_curlew,3
Arroyo Quemado,2,marbled_godwit,1
Arroyo Quemado,2,black_turnstone,0
Arroyo Quemado,2,sanderling,216
Arroyo Quemado,2,western_sandpiper,0
Arroyo Quemado,2,least_sandpiper,0
Arroyo Quemado,2,dunlin,0
Arroyo Quemado,3,black_bellied_plover,0
Arroyo Quemado,3,snowy_plover,0
Arroyo Quemado,3,semipalmated_plover,0
Arroyo Quemado,3,killdeer,5
Arroyo Quemado,3,greater_yellowlegs,0
Arroyo Quemado,3,willet,0
Arroyo Quemado,3,spotted_sandpiper,0
Arroyo Quemado,3,whimbrel,0
Arroyo Quemado,3,long_billed_curlew,0
Arroyo Quemado,3,marbled_godwit,0
Arroyo Quemado,3,black_turnstone,0
Arroyo Quemado,3,sanderling,17
Arroyo Quemado,3,western_sandpiper,0
Arroyo Quemado,3,least_sandpiper,0
Arroyo Quemado,3,dunlin,0
Butterfly,1,black_bellied_plover,0
Butterfly,1,snowy_plover,0
Butterfly,1,semipalmated_plover,0
Butterfly,1,killdeer,0
Butterfly,1,greater_yellowlegs,0
Butterfly,1,willet,0
Butterfly,1,spotted_sandpiper,1
Butterfly,1,whimbrel,0
Butterfly,1,long_billed_curlew,0
Butterfly,1,marbled_godwit,0
Butterfly,1,black_turnstone,0
Butterfly,1,sanderling,0
Butterfly,1,western_sandpiper,0
Butterfly,1,least_sandpiper,0
Butterfly,1,dunlin,0
Butterfly,2,black_bellied_plover,0
Butterfly,2,snowy_plover,0
Butterfly,2,semipalmated_plover,0
Butterfly,2,killdeer,0
Butterfly,2,greater_yellowlegs,0
Butterfly,2,willet,0
Butterfly,2,spotted_sandpiper,0
Butterfly,2,whimbrel,0
Butterfly,2,long_billed_curlew,0
Butterfly,2,marbled_godwit,0
Butterfly,2,black_turnstone,0
Butterfly,2,sanderling,0
Butterfly,2,western_sandpiper,0
Butterfly,2,least_sandpiper,0
Butterfly,2,dunlin,0
Butterfly,3,black_bellied_plover,13
Butterfly,3,snowy_plover,0
Butterfly,3,semipalmated_plover,0
Butterfly,3,killdeer,0
Butterfly,3,greater_yellowlegs,0
Butterfly,3,willet,38
Butterfly,3,spotted_sandpiper,0
Butterfly,3,whimbrel,0
Butterfly,3,long_billed_curlew,0
Butterfly,3,marbled_godwit,9
Butterfly,3,black_turnstone,0
Butterfly,3,sanderling,0
Butterfly,3,western_sandpiper,0
Butterfly,3,least_sandpiper,0
Butterfly,3,dunlin,0
Carp State,1,black_bellied_plover,0
Carp State,1,snowy_plover,0
Carp State,1,semipalmated_plover,0
Carp State,1,killdeer,1
Carp State,1,greater_yellowlegs,0
Carp State,1,willet,83
Carp State,1,spotted_sandpiper,0
Carp State,1,whimbrel,0
Carp State,1,long_billed_curlew,0
Carp State,1,marbled_godwit,0
Carp State,1,black_turnstone,0
Carp State,1,sanderling,0
Carp State,1,western_sandpiper,0
Carp State,1,least_sandpiper,0
Carp State,1,dunlin,0
Carp State,2,black_bellied_plover,1
Carp State,2,snowy_plover,0
Carp State,2,semipalmated_plover,0
Carp State,2,killdeer,1
Carp State,2,greater_yellowlegs,0
Carp State,2,willet,20
Carp State,2,spotted_sandpiper,0
Carp State,2,whimbrel,0
Carp State,2,long_billed_curlew,0
Carp State,2,marbled_godwit,0
Carp State,2,black_turnstone,0
Carp State,2,sanderling,0
Carp State,2,western_sandpiper,0
Carp State,2,least_sandpiper,0
Carp State,2,dunlin,0
Carp State,3,black_bellied_plover,0
Carp State,3,snowy_plover,0
Carp State,3,semipalmated_plover,0
Carp State,3,killdeer,5
Carp State,3,greater_yellowlegs,0
Carp State,3,willet,31
Carp State,3,spotted_sandpiper,0
Carp State,3,whimbrel,0
Carp State,3,long_billed_curlew,0
Carp State,3,marbled_godwit,0
Carp State,3,black_turnstone,0
Carp State,3,sanderling,0
Carp State,3,western_sandpiper,0
Carp State,3,least_sandpiper,0
Carp State,3,dunlin,0
Dos Pueblos,1,black_bellied_plover,0
Dos Pueblos,1,snowy_plover,0
Dos Pueblos,1,semipalmated_plover,2
Dos Pueblos,1,killdeer,6
Dos Pueblos,1,greater_yellowlegs,0
Dos Pueblos,1,willet,0
Dos Pueblos,1,spotted_sandpiper,1
Dos Pueblos,1,whimbrel,0
Dos Pueblos,1,long_billed_curlew,0
Dos Pueblos,1,marbled_godwit,0
Dos Pueblos,1,black_turnstone,0
Dos Pueblos,1,sanderling,41
Dos Pueblos,1,western_sandpiper,0
Dos Pueblos,1,least_sandpiper,0
Dos Pueblos,1,dunlin,0
Dos Pueblos,2,black_bellied_plover,0
Dos Pueblos,2,snowy_plover,0
Dos Pueblos,2,semipalmated_plover,0
Dos Pueblos,2,killdeer,0
Dos Pueblos,2,greater_yellowlegs,0
Dos Pueblos,2,willet,0
Dos Pueblos,2,spotted_sandpiper,1
Dos Pueblos,2,whimbrel,0
Dos Pueblos,2,long_billed_curlew,0
Dos Pueblos,2,marbled_godwit,0
Dos Pueblos,2,black_turnstone,0
Dos Pueblos,2,sanderling,7
Dos Pueblos,2,western_sandpiper,0
Dos Pueblos,2,least_sandpiper,0
Dos Pueblos,2,dunlin,0
Dos Pueblos,3,black_bellied_plover,0
Dos Pueblos,3,snowy_plover,0
Dos Pueblos,3,semipalmated_plover,0
Dos Pueblos,3,killdeer,1
Dos Pueblos,3,greater_yellowlegs,0
Dos Pueblos,3,willet,0
Dos Pueblos,3,spotted_sandpiper,1
Dos Pueblos,3,whimbrel,0
Dos Pueblos,3,long_billed_curlew,0
Dos Pueblos,3,marbled_godwit,0
Dos Pueblos,3,black_turnstone,0
Dos Pueblos,3,sanderling,37
Dos Pueblos,3,western_sandpiper,0
Dos Pueblos,3,least_sandpiper,0
Dos Pueblos,3,dunlin,0
East Campus,1,black_bellied_plover,6
East Campus,1,snowy_plover,0
East Campus,1,semipalmated_plover,25
East Campus,1,killdeer,6
East Campus,1,greater_yellowlegs,1
East Campus,1,willet,0
East Campus,1,spotted_sandpiper,0
East Campus,1,whimbrel,1
East Campus,1,long_billed_curlew,1
East Campus,1,marbled_godwit,0
East Campus,1,black_turnstone,7
East Campus,1,sanderling,223
East Campus,1,western_sandpiper,2
East Campus,1,least_sandpiper,28
East Campus,1,dunlin,0
East Campus,2,black_bellied_plover,5
East Campus,2,snowy_plover,0
East Campus,2,semipalmated_plover,0
East Campus,2,killdeer,6
East Campus,2,greater_yellowlegs,1
East Campus,2,willet,6
East Campus,2,spotted_sandpiper,0
East Campus,2,whimbrel,2
East Campus,2,long_billed_curlew,5
East Campus,2,marbled_godwit,20
East Campus,2,black_turnstone,0
East Campus,2,sanderling,188
East Campus,2,western_sandpiper,0
East Campus,2,least_sandpiper,25
East Campus,2,dunlin,0
East Campus,3,black_bellied_plover,9
East Campus,3,snowy_plover,0
East Campus,3,semipalmated_plover,15
East Campus,3,killdeer,0
East Campus,3,greater_yellowlegs,3
East Campus,3,willet,2
East Campus,3,spotted_sandpiper,0
East Campus,3,whimbrel,0
East Campus,3,long_billed_curlew,0
East Campus,3,marbled_godwit,3
East Campus,3,black_turnstone,0
East Campus,3,sanderling,115
East Campus,3,western_sandpiper,1
East Campus,3,least_sandpiper,10
East Campus,3,dunlin,0
East Depressions,1,black_bellied_plover,4
East Depressions,1,snowy_plover,0
East Depressions,1,semipalmated_plover,0
East Depressions,1,killdeer,0
East Depressions,1,greater_yellowlegs,0
East Depressions,1,willet,0
East Depressions,1,spotted_sandpiper,1
East Depressions,1,whimbrel,0
East Depressions,1,long_billed_curlew,0
East Depressions,1,marbled_godwit,0
East Depressions,1,black_turnstone,0
East Depressions,1,sanderling,0
East Depressions,1,western_sandpiper,0
East Depressions,1,least_sandpiper,0
East Depressions,1,dunlin,0
East Depressions,2,black_bellied_plover,3
East Depressions,2,snowy_plover,0
East Depressions,2,semipalmated_plover,0
East Depressions,2,killdeer,2
East Depressions,2,greater_yellowlegs,2
East Depressions,2,willet,1
East Depressions,2,spotted_sandpiper,0
East Depressions,2,whimbrel,0
East Depressions,2,long_billed_curlew,0
East Depressions,2,marbled_godwit,0
East Depressions,2,black_turnstone,0
East Depressions,2,sanderling,116
East Depressions,2,western_sandpiper,0
East Depressions,2,least_sandpiper,0
East Depressions,2,dunlin,0
East Depressions,3,black_bellied_plover,7
East Depressions,3,snowy_plover,0
East Depressions,3,semipalmated_plover,0
East Depressions,3,killdeer,0
East Depressions,3,greater_yellowlegs,0
East Depressions,3,willet,0
East Depressions,3,spotted_sandpiper,0
East Depressions,3,whimbrel,1
East Depressions,3,long_billed_curlew,0
East Depressions,3,marbled_godwit,0
East Depressions,3,black_turnstone,0
East Depressions,3,sanderling,15
East Depressions,3,western_sandpiper,0
East Depressions,3,least_sandpiper,0
East Depressions,3,dunlin,0
East Goleta,1,black_bellied_plover,0
East Goleta,1,snowy_plover,0
East Goleta,1,semipalmated_plover,0
East Goleta,1,killdeer,0
East Goleta,1,greater_yellowlegs,0
East Goleta,1,willet,1
East Goleta,1,spotted_sandpiper,0
East Goleta,1,whimbrel,1
East Goleta,1,long_billed_curlew,1
East Goleta,1,marbled_godwit,0
East Goleta,1,black_turnstone,0
East Goleta,1,sanderling,0
East Goleta,1,western_sandpiper,0
East Goleta,1,least_sandpiper,0
East Goleta,1,dunlin,0
East Goleta,2,black_bellied_plover,0
East Goleta,2,snowy_plover,0
East Goleta,2,semipalmated_plover,0
East Goleta,2,killdeer,0
East Goleta,2,greater_yellowlegs,11
East Goleta,2,willet,0
East Goleta,2,spotted_sandpiper,1
East Goleta,2,whimbrel,0
East Goleta,2,long_billed_curlew,0
East Goleta,2,marbled_godwit,0
East Goleta,2,black_turnstone,0
East Goleta,2,sanderling,15
East Goleta,2,western_sandpiper,0
East Goleta,2,least_sandpiper,0
East Goleta,2,dunlin,0
East Goleta,3,black_bellied_plover,0
East Goleta,3,snowy_plover,0
East Goleta,3,semipalmated_plover,0
East Goleta,3,killdeer,0
East Goleta,3,greater_yellowlegs,6
East Goleta,3,willet,0
East Goleta,3,spotted_sandpiper,0
East Goleta,3,whimbrel,0
East Goleta,3,long_billed_curlew,9
East Goleta,3,marbled_godwit,0
East Goleta,3,black_turnstone,0
East Goleta,3,sanderling,0
East Goleta,3,western_sandpiper,0
East Goleta,3,least_sandpiper,0
East Goleta,3,dunlin,0
Hammonds,1,black_bellied_plover,0
Hammonds,1,snowy_plover,0
Hammonds,1,semipalmated_plover,0
Hammonds,1,killdeer,0
Hammonds,1,greater_yellowlegs,0
Hammonds,1,willet,0
Hammonds,1,spotted_sandpiper,2
Hammonds,1,whimbrel,0
Hammonds,1,long_billed_curlew,0
Hammonds,1,marbled_godwit,0
Hammonds,1,black_turnstone,0
Hammonds,1,sanderling,0
Hammonds,1,western_sandpiper,0
Hammonds,1,least_sandpiper,0
Hammonds,1,dunlin,0
Hammonds,2,black_bellied_plover,10
Hammonds,2,snowy_plover,0
Hammonds,2,semipalmated_plover,0
Hammonds,2,killdeer,0
Hammonds,2,greater_yellowlegs,0
Hammonds,2,willet,7
Hammonds,2,spotted_sandpiper,2
Hammonds,2,whimbrel,9
Hammonds,2,long_billed_curlew,0
Hammonds,2,marbled_godwit,0
Hammonds,2,black_turnstone,0
Hammonds,2,sanderling,0
Hammonds,2,western_sandpiper,0
Hammonds,2,least_sandpiper,0
Hammonds,2,dunlin,0
Hammonds,3,black_bellied_plover,1
Hammonds,3,snowy_plover,0
Hammonds,3,semipalmated_plover,0
Hammonds,3,killdeer,0
Hammonds,3,greater_yellowlegs,0
Hammonds,3,willet,5
Hammonds,3,spotted_sandpiper,0
Hammonds,3,whimbrel,1
Hammonds,3,long_billed_curlew,0
Hammonds,3,marbled_godwit,9
Hammonds,3,black_turnstone,0
Hammonds,3,sanderling,37
Hammonds,3,western_sandpiper,0
Hammonds,3,least_sandpiper,0
Hammonds,3,dunlin,0
Haskell's,1,black_bellied_plover,0
Haskell's,1,snowy_plover,0
Haskell's,1,semipalmated_plover,0
Haskell's,1,killdeer,3
Haskell's,1,greater_yellowlegs,0
Haskell's,1,willet,0
Haskell's,1,spotted_sandpiper,0
Haskell's,1,whimbrel,1
Haskell's,1,long_billed_curlew,0
Haskell's,1,marbled_godwit,0
Haskell's,1,black_turnstone,0
Haskell's,1,sanderling,0
Haskell's,1,western_sandpiper,0
Haskell's,1,least_sandpiper,2
Haskell's,1,dunlin,0
Haskell's,2,black_bellied_plover,0
Haskell's,2,snowy_plover,0
Haskell's,2,semipalmated_plover,0
Haskell's,2,killdeer,2
Haskell's,2,greater_yellowlegs,0
Haskell's,2,willet,0
Haskell's,2,spotted_sandpiper,0
Haskell's,2,whimbrel,2
Haskell's,2,long_billed_curlew,0
Haskell's,2,marbled_godwit,0
Haskell's,2,black_turnstone,0
Haskell's,2,sanderling,0
Haskell's,2,western_sandpiper,0
Haskell's,2,least_sandpiper,0
Haskell's,2,dunlin,0
Haskell's,3,black_bellied_plover,0
Haskell's,3,snowy_plover,0
Haskell's,3,semipalmated_plover,0
Haskell's,3,killdeer,0
Haskell's,3,greater_yellowlegs,1
Haskell's,3,willet,0
Haskell's,3,spotted_sandpiper,0
Haskell's,3,whimbrel,1
Haskell's,3,long_billed_curlew,0
Haskell's,3,marbled_godwit,0
Haskell's,3,black_turnstone,0
Haskell's,3,sanderling,0
Haskell's,3,western_sandpiper,0
Haskell's,3,least_sandpiper,0
Haskell's,3,dunlin,0
Hope Ranch,1,black_bellied_plover,0
Hope Ranch,1,snowy_plover,0
Hope Ranch,1,semipalmated_plover,0
Hope Ranch,1,killdeer,0
Hope Ranch,1,greater_yellowlegs,0
Hope Ranch,1,willet,0
Hope Ranch,1,spotted_sandpiper,1
Hope Ranch,1,whimbrel,0
Hope Ranch,1,long_billed_curlew,2
Hope Ranch,1,marbled_godwit,0
Hope Ranch,1,black_turnstone,0
Hope Ranch,1,sanderling,0
Hope Ranch,1,western_sandpiper,0
Hope Ranch,1,least_sandpiper,0
Hope Ranch,1,dunlin,0
Hope Ranch,2,black_bellied_plover,0
Hope Ranch,2,snowy_plover,0
Hope Ranch,2,semipalmated_plover,0
Hope Ranch,2,killdeer,0
Hope Ranch,2,greater_yellowlegs,0
Hope Ranch,2,willet,0
Hope Ranch,2,spotted_sandpiper,0
Hope Ranch,2,whimbrel,32
Hope Ranch,2,long_billed_curlew,2
Hope Ranch,2,marbled_godwit,5
Hope Ranch,2,black_turnstone,0
Hope Ranch,2,sanderling,0
Hope Ranch,2,western_sandpiper,0
Hope Ranch,2,least_sandpiper,0
Hope Ranch,2,dunlin,0
Hope Ranch,3,black_bellied_plover,0
Hope Ranch,3,snowy_plover,0
Hope Ranch,3,semipalmated_plover,0
Hope Ranch,3,killdeer,0
Hope Ranch,3,greater_yellowlegs,0
Hope Ranch,3,willet,0
Hope Ranch,3,spotted_sandpiper,0
Hope Ranch,3,whimbrel,14
Hope Ranch,3,long_billed_curlew,2
Hope Ranch,3,marbled_godwit,0
Hope Ranch,3,black_turnstone,0
Hope Ranch,3,sanderling,0
Hope Ranch,3,western_sandpiper,0
Hope Ranch,3,least_sandpiper,0
Hope Ranch,3,dunlin,0
Isla Vista,1,black_bellied_plover,25
Isla Vista,1,snowy_plover,0
Isla Vista,1,semipalmated_plover,23
Isla Vista,1,killdeer,0
Isla Vista,1,greater_yellowlegs,0
Isla Vista,1,willet,7
Isla Vista,1,spotted_sandpiper,1
Isla Vista,1,whimbrel,0
Isla Vista,1,long_billed_curlew,0
Isla Vista,1,marbled_godwit,0
Isla Vista,1,black_turnstone,6
Isla Vista,1,sanderling,59
Isla Vista,1,western_sandpiper,1
Isla Vista,1,least_sandpiper,20
Isla Vista,1,dunlin,0
Isla Vista,2,black_bellied_plover,63
Isla Vista,2,snowy_plover,1
Isla Vista,2,semipalmated_plover,5
Isla Vista,2,killdeer,0
Isla Vista,2,greater_yellowlegs,1
Isla Vista,2,willet,0
Isla Vista,2,spotted_sandpiper,0
Isla Vista,2,whimbrel,0
Isla Vista,2,long_billed_curlew,0
Isla Vista,2,marbled_godwit,0
Isla Vista,2,black_turnstone,7
Isla Vista,2,sanderling,136
Isla Vista,2,western_sandpiper,0
Isla Vista,2,least_sandpiper,0
Isla Vista,2,dunlin,0
Isla Vista,3,black_bellied_plover,1
Isla Vista,3,snowy_plover,7
Isla Vista,3,semipalmated_plover,5
Isla Vista,3,killdeer,5
Isla Vista,3,greater_yellowlegs,1
Isla Vista,3,willet,2
Isla Vista,3,spotted_sandpiper,0
Isla Vista,3,whimbrel,1
Isla Vista,3,long_billed_curlew,0
Isla Vista,3,marbled_godwit,4
Isla Vista,3,black_turnstone,2
Isla Vista,3,sanderling,23
Isla Vista,3,western_sandpiper,1
Isla Vista,3,least_sandpiper,1
Isla Vista,3,dunlin,2
La Conchita,1,black_bellied_plover,0
La Conchita,1,snowy_plover,0
La Conchita,1,semipalmated_plover,0
La Conchita,1,killdeer,0
La Conchita,1,greater_yellowlegs,0
La Conchita,1,willet,56
La Conchita,1,spotted_sandpiper,0
La Conchita,1,whimbrel,0
La Conchita,1,long_billed_curlew,3
La Conchita,1,marbled_godwit,9
La Conchita,1,black_turnstone,0
La Conchita,1,sanderling,0
La Conchita,1,western_sandpiper,0
La Conchita,1,least_sandpiper,0
La Conchita,1,dunlin,0
La Conchita,2,black_bellied_plover,0
La Conchita,2,snowy_plover,0
La Conchita,2,semipalmated_plover,0
La Conchita,2,killdeer,0
La Conchita,2,greater_yellowlegs,0
La Conchita,2,willet,3
La Conchita,2,spotted_sandpiper,0
La Conchita,2,whimbrel,1
La Conchita,2,long_billed_curlew,3
La Conchita,2,marbled_godwit,1
La Conchita,2,black_turnstone,0
La Conchita,2,sanderling,0
La Conchita,2,western_sandpiper,0
La Conchita,2,least_sandpiper,0
La Conchita,2,dunlin,0
La Conchita,3,black_bellied_plover,0
La Conchita,3,snowy_plover,3
La Conchita,3,semipalmated_plover,0
La Conchita,3,killdeer,0
La Conchita,3,greater_yellowlegs,0
La Conchita,3,willet,73
La Conchita,3,spotted_sandpiper,0
La Conchita,3,whimbrel,2
La Conchita,3,long_billed_curlew,2
La Conchita,3,marbled_godwit,0
La Conchita,3,black_turnstone,0
La Conchita,3,sanderling,0
La Conchita,3,western_sandpiper,0
La Conchita,3,least_sandpiper,0
La Conchita,3,dunlin,0
Oil Piers,1,black_bellied_plover,0
Oil Piers,1,snowy_plover,0
Oil Piers,1,semipalmated_plover,0
Oil Piers,1,killdeer,0
Oil Piers,1,greater_yellowlegs,0
Oil Piers,1,willet,0
Oil Piers,1,spotted_sandpiper,0
Oil Piers,1,whimbrel,1
Oil Piers,1,long_billed_curlew,5
Oil Piers,1,marbled_godwit,1
Oil Piers,1,black_turnstone,0
Oil Piers,1,sanderling,0
Oil Piers,1,western_sandpiper,0
Oil Piers,1,least_sandpiper,0
Oil Piers,1,dunlin,0
Oil Piers,2,black_bellied_plover,0
Oil Piers,2,snowy_plover,0
Oil Piers,2,semipalmated_plover,0
Oil Piers,2,killdeer,0
Oil Piers,2,greater_yellowlegs,0
Oil Piers,2,willet,26
Oil Piers,2,spotted_sandpiper,0
Oil Piers,2,whimbrel,0
Oil Piers,2,long_billed_curlew,6
Oil Piers,2,marbled_godwit,0
Oil Piers,2,black_turnstone,0
Oil Piers,2,sanderling,0
Oil Piers,2,western_sandpiper,0
Oil Piers,2,least_sandpiper,0
Oil Piers,2,dunlin,0
Oil Piers,3,black_bellied_plover,0
Oil Piers,3,snowy_plover,0
Oil Piers,3,semipalmated_plover,0
Oil Piers,3,killdeer,0
Oil Piers,3,greater_yellowlegs,0
Oil Piers,3,willet,31
Oil Piers,3,spotted_sandpiper,0
Oil Piers,3,whimbrel,0
Oil Piers,3,long_billed_curlew,3
Oil Piers,3,marbled_godwit,0
Oil Piers,3,black_turnstone,0
Oil Piers,3,sanderling,0
Oil Piers,3,western_sandpiper,0
Oil Piers,3,least_sandpiper,0
Oil Piers,3,dunlin,0
R Beach,1,black_bellied_plover,84
R Beach,1,snowy_plover,0
R Beach,1,semipalmated_plover,0
R Beach,1,killdeer,7
R Beach,1,greater_yellowlegs,0
R Beach,1,willet,0
R Beach,1,spotted_sandpiper,0
R Beach,1,whimbrel,0
R Beach,1,long_billed_curlew,0
R Beach,1,marbled_godwit,0
R Beach,1,black_turnstone,0
R Beach,1,sanderling,39
R Beach,1,western_sandpiper,0
R Beach,1,least_sandpiper,0
R Beach,1,dunlin,0
R Beach,2,black_bellied_plover,11
R Beach,2,snowy_plover,0
R Beach,2,semipalmated_plover,0
R Beach,2,killdeer,3
R Beach,2,greater_yellowlegs,0
R Beach,2,willet,0
R Beach,2,spotted_sandpiper,0
R Beach,2,whimbrel,0
R Beach,2,long_billed_curlew,0
R Beach,2,marbled_godwit,0
R Beach,2,black_turnstone,0
R Beach,2,sanderling,14
R Beach,2,western_sandpiper,0
R Beach,2,least_sandpiper,0
R Beach,2,dunlin,0
R Beach,3,black_bellied_plover,0
R Beach,3,snowy_plover,0
R Beach,3,semipalmated_plover,0
R Beach,3,killdeer,1
R Beach,3,greater_yellowlegs,0
R Beach,3,willet,1
R Beach,3,spotted_sandpiper,0
R Beach,3,whimbrel,0
R Beach,3,long_billed_curlew,0
R Beach,3,marbled_godwit,0
R Beach,3,black_turnstone,0
R Beach,3,sanderling,0
R Beach,3,western_sandpiper,0
R Beach,3,least_sandpiper,0
R Beach,3,dunlin,0
Rincon,1,black_bellied_plover,0
Rincon,1,snowy_plover,0
Rincon,1,semipalmated_plover,0
Rincon,1,killdeer,0
Rincon,1,greater_yellowlegs,0
Rincon,1,willet,19
Rincon,1,spotted_sandpiper,0
Rincon,1,whimbrel,0
Rincon,1,long_billed_curlew,0
Rincon,1,marbled_godwit,10
Rincon,1,black_turnstone,0
Rincon,1,sanderling,0
Rincon,1,western_sandpiper,0
Rincon,1,least_sandpiper,0
Rincon,1,dunlin,0
Rincon,2,black_bellied_plover,1
Rincon,2,snowy_plover,0
Rincon,2,semipalmated_plover,0
Rincon,2,killdeer,0
Rincon,2,greater_yellowlegs,0
Rincon,2,willet,32
Rincon,2,spotted_sandpiper,0
Rincon,2,whimbrel,1
Rincon,2,long_billed_curlew,0
Rincon,2,marbled_godwit,7
Rincon,2,black_turnstone,0
Rincon,2,sanderling,8
Rincon,2,western_sandpiper,0
Rincon,2,least_sandpiper,0
Rincon,2,dunlin,0
Rincon,3,black_bellied_plover,0
Rincon,3,snowy_plover,0
Rincon,3,semipalmated_plover,0
Rincon,3,killdeer,0
Rincon,3,greater_yellowlegs,0
Rincon,3,willet,4
Rincon,3,spotted_sandpiper,0
Rincon,3,whimbrel,3
Rincon,3,long_billed_curlew,0
Rincon,3,marbled_godwit,6
Rincon,3,black_turnstone,0
Rincon,3,sanderling,0
Rincon,3,western_sandpiper,0
Rincon,3,least_sandpiper,0
Rincon,3,dunlin,0
San Onofre,1,black_bellied_plover,0
San Onofre,1,snowy_plover,0
San Onofre,1,semipalmated_plover,0
San Onofre,1,killdeer,0
San Onofre,1,greater_yellowlegs,0
San Onofre,1,willet,0
San Onofre,1,spotted_sandpiper,0
San Onofre,1,whimbrel,0
San Onofre,1,long_billed_curlew,0
San Onofre,1,marbled_godwit,0
San Onofre,1,black_turnstone,0
San Onofre,1,sanderling,0
San Onofre,1,western_sandpiper,0
San Onofre,1,least_sandpiper,0
San Onofre,1,dunlin,0
San Onofre,2,black_bellied_plover,0
San Onofre,2,snowy_plover,0
San Onofre,2,semipalmated_plover,0
San Onofre,2,killdeer,0
San Onofre,2,greater_yellowlegs,0
San Onofre,2,willet,0
San Onofre,2,spotted_sandpiper,0
San Onofre,2,whimbrel,0
San Onofre,2,long_billed_curlew,0
San Onofre,2,marbled_godwit,0
San Onofre,2,black_turnstone,0
San Onofre,2,sanderling,0
San Onofre,2,western_sandpiper,0
San Onofre,2,least_sandpiper,0
San Onofre,2,dunlin,0
San Onofre,3,black_bellied_plover,0
San Onofre,3,snowy_plover,0
San Onofre,3,semipalmated_plover,0
San Onofre,3,killdeer,2
San Onofre,3,greater_yellowlegs,0
San Onofre,3,willet,0
San Onofre,3,spotted_sandpiper,0
San Onofre,3,whimbrel,1
San Onofre,3,long_billed_curlew,0
San Onofre,3,marbled_godwit,0
San Onofre,3,black_turnstone,0
San Onofre,3,sanderling,0
San Onofre,3,western_sandpiper,0
San Onofre,3,least_sandpiper,0
San Onofre,3,dunlin,0
Sands,1,black_bellied_plover,66
Sands,1,snowy_plover,41
Sands,1,semipalmated_plover,0
Sands,1,killdeer,1
Sands,1,greater_yellowlegs,0
Sands,1,willet,0
Sands,1,spotted_sandpiper,0
Sands,1,whimbrel,0
Sands,1,long_billed_curlew,0
Sands,1,marbled_godwit,0
Sands,1,black_turnstone,0
Sands,1,sanderling,41
Sands,1,western_sandpiper,0
Sands,1,least_sandpiper,3
Sands,1,dunlin,0
Sands,2,black_bellied_plover,144
Sands,2,snowy_plover,75
Sands,2,semipalmated_plover,0
Sands,2,killdeer,0
Sands,2,greater_yellowlegs,0
Sands,2,willet,0
Sands,2,spotted_sandpiper,0
Sands,2,whimbrel,0
Sands,2,long_billed_curlew,0
Sands,2,marbled_godwit,0
Sands,2,black_turnstone,0
Sands,2,sanderling,14
Sands,2,western_sandpiper,0
Sands,2,least_sandpiper,0
Sands,2,dunlin,0
Sands,3,black_bellied_plover,0
Sands,3,snowy_plover,32
Sands,3,semipalmated_plover,0
Sands,3,killdeer,0
Sands,3,greater_yellowlegs,0
Sands,3,willet,0
Sands,3,spotted_sandpiper,0
Sands,3,whimbrel,0
Sands,3,long_billed_curlew,0
Sands,3,marbled_godwit,0
Sands,3,black_turnstone,0
Sands,3,sanderling,0
Sands,3,western_sandpiper,0
Sands,3,least_sandpiper,0
Sands,3,dunlin,0
Santa Claus,1,black_bellied_plover,24
Santa Claus,1,snowy_plover,0
Santa Claus,1,semipalmated_plover,0
Santa Claus,1,killdeer,0
Santa Claus,1,greater_yellowlegs,0
Santa Claus,1,willet,17
Santa Claus,1,spotted_sandpiper,0
Santa Claus,1,whimbrel,2
Santa Claus,1,long_billed_curlew,0
Santa Claus,1,marbled_godwit,1
Santa Claus,1,black_turnstone,0
Santa Claus,1,sanderling,26
Santa Claus,1,western_sandpiper,0
Santa Claus,1,least_sandpiper,0
Santa Claus,1,dunlin,0
Santa Claus,2,black_bellied_plover,1
Santa Claus,2,snowy_plover,23
Santa Claus,2,semipalmated_plover,0
Santa Claus,2,killdeer,0
Santa Claus,2,greater_yellowlegs,0
Santa Claus,2,willet,3
Santa Claus,2,spotted_sandpiper,0
Santa Claus,2,whimbrel,2
Santa Claus,2,long_billed_curlew,0
Santa Claus,2,marbled_godwit,10
Santa Claus,2,black_turnstone,0
Santa Claus,2,sanderling,0
Santa Claus,2,western_sandpiper,0
Santa Claus,2,least_sandpiper,0
Santa Claus,2,dunlin,0
Santa Claus,3,black_bellied_plover,3
Santa Claus,3,snowy_plover,0
Santa Claus,3,semipalmated_plover,0
Santa Claus,3,killdeer,0
Santa Claus,3,greater_yellowlegs,0
Santa Claus,3,willet,41
Santa Claus,3,spotted_sandpiper,0
Santa Claus,3,whimbrel,1
Santa Claus,3,long_billed_curlew,0
Santa Claus,3,marbled_godwit,4
Santa Claus,3,black_turnstone,0
Santa Claus,3,sanderling,52
Santa Claus,3,western_sandpiper,0
Santa Claus,3,least_sandpiper,0
Santa Claus,3,dunlin,0
Solimar,1,black_bellied_plover,2
Solimar,1,snowy_plover,0
Solimar,1,semipalmated_plover,0
Solimar,1,killdeer,0
Solimar,1,greater_yellowlegs,0
Solimar,1,willet,32
Solimar,1,spotted_sandpiper,0
Solimar,1,whimbrel,4
Solimar,1,long_billed_curlew,7
Solimar,1,marbled_godwit,18
Solimar,1,black_turnstone,0
Solimar,1,sanderling,0
Solimar,1,western_sandpiper,0
Solimar,1,least_sandpiper,0
Solimar,1,dunlin,0
Solimar,2,black_bellied_plover,2
Solimar,2,snowy_plover,0
Solimar,2,semipalmated_plover,0
Solimar,2,killdeer,0
Solimar,2,greater_yellowlegs,0
Solimar,2,willet,44
Solimar,2,spotted_sandpiper,0
Solimar,2,whimbrel,2
Solimar,2,long_billed_curlew,4
Solimar,2,marbled_godwit,34
Solimar,2,black_turnstone,0
Solimar,2,sanderling,0
Solimar,2,western_sandpiper,0
Solimar,2,least_sandpiper,0
Solimar,2,dunlin,0
Solimar,3,black_bellied_plover,0
Solimar,3,snowy_plover,0
Solimar,3,semipalmated_plover,0
Solimar,3,killdeer,0
Solimar,3,greater_yellowlegs,0
Solimar,3,willet,12
Solimar,3,spotted_sandpiper,0
Solimar,3,whimbrel,1
Solimar,3,long_billed_curlew,3
Solimar,3,marbled_godwit,3
Solimar,3,black_turnstone,0
Solimar,3,sanderling,0
Solimar,3,western_sandpiper,0
Solimar,3,least_sandpiper,0
Solimar,3,dunlin,0
Tajiguas,1,black_bellied_plover,1
Tajiguas,1,snowy_plover,0
Tajiguas,1,semipalmated_plover,0
Tajiguas,1,killdeer,7
Tajiguas,1,greater_yellowlegs,0
Tajiguas,1,willet,0
Tajiguas,1,spotted_sandpiper,1
Tajiguas,1,whimbrel,0
Tajiguas,1,long_billed_curlew,0
Tajiguas,1,marbled_godwit,0
Tajiguas,1,black_turnstone,0
Tajiguas,1,sanderling,65
Tajiguas,1,western_sandpiper,0
Tajiguas,1,least_sandpiper,0
Tajiguas,1,dunlin,0
Tajiguas,2,black_bellied_plover,0
Tajiguas,2,snowy_plover,0
Tajiguas,2,semipalmated_plover,0
Tajiguas,2,killdeer,11
Tajiguas,2,greater_yellowlegs,0
Tajiguas,2,willet,0
Tajiguas,2,spotted_sandpiper,0
Tajiguas,2,whimbrel,0
Tajiguas,2,long_billed_curlew,0
Tajiguas,2,marbled_godwit,0
Tajiguas,2,black_turnstone,0
Tajiguas,2,sanderling,57
Tajiguas,2,western_sandpiper,0
Tajiguas,2,least_sandpiper,0
Tajiguas,2,dunlin,0
Tajiguas,3,black_bellied_plover,0
Tajiguas,3,snowy_plover,0
Tajiguas,3,semipalmated_plover,0
Tajiguas,3,killdeer,11
Tajiguas,3,greater_yellowlegs,0
Tajiguas,3,willet,0
Tajiguas,3,spotted_sandpiper,0
Tajiguas,3,whimbrel,1
Tajiguas,3,long_billed_curlew,11
Tajiguas,3,marbled_godwit,0
Tajiguas,3,black_turnstone,0
Tajiguas,3,sanderling,0
Tajiguas,3,western_sandpiper,0
Tajiguas,3,least_sandpiper,0
Tajiguas,3,dunlin,0
Thousand Steps,1,black_bellied_plover,0
Thousand Steps,1,snowy_plover,0
Thousand Steps,1,semipalmated_plover,0
Thousand Steps,1,killdeer,0
Thousand Steps,1,greater_yellowlegs,0
Thousand Steps,1,willet,0
Thousand Steps,1,spotted_sandpiper,0
Thousand Steps,1,whimbrel,0
Thousand Steps,1,long_billed_curlew,0
Thousand Steps,1,marbled_godwit,0
Thousand Steps,1,black_turnstone,0
Thousand Steps,1,sanderling,0
Thousand Steps,1,western_sandpiper,0
Thousand Steps,1,least_sandpiper,0
Thousand Steps,1,dunlin,0
Thousand Steps,2,black_bellied_plover,0
Thousand Steps,2,snowy_plover,0
Thousand Steps,2,semipalmated_plover,0
Thousand Steps,2,killdeer,0
Thousand Steps,2,greater_yellowlegs,0
Thousand Steps,2,willet,0
Thousand Steps,2,spotted_sandpiper,0
Thousand Steps,2,whimbrel,0
Thousand Steps,2,long_billed_curlew,1
Thousand Steps,2,marbled_godwit,0
Thousand Steps,2,black_turnstone,0
Thousand Steps,2,sanderling,0
Thousand Steps,2,western_sandpiper,0
Thousand Steps,2,least_sandpiper,0
Thousand Steps,2,dunlin,0
Thousand Steps,3,black_bellied_plover,0
Thousand Steps,3,snowy_plover,0
Thousand Steps,3,semipalmated_plover,0
Thousand Steps,3,killdeer,0
Thousand Steps,3,greater_yellowlegs,0
Thousand Steps,3,willet,0
Thousand Steps,3,spotted_sandpiper,3
Thousand Steps,3,whimbrel,0
Thousand Steps,3,long_billed_curlew,1
Thousand Steps,3,marbled_godwit,0
Thousand Steps,3,black_turnstone,0
Thousand Steps,3,sanderling,0
Thousand Steps,3,western_sandpiper,0
Thousand Steps,3,least_sandpiper,0
Thousand Steps,3,dunlin,0
Wallace,1,black_bellied_plover,0
Wallace,1,snowy_plover,0
Wallace,1,semipalmated_plover,0
Wallace,1,killdeer,0
Wallace,1,greater_yellowlegs,0
Wallace,1,willet,0
Wallace,1,spotted_sandpiper,0
Wallace,1,whimbrel,0
Wallace,1,long_billed_curlew,0
Wallace,1,marbled_godwit,0
Wallace,1,black_turnstone,0
Wallace,1,sanderling,0
Wallace,1,western_sandpiper,0
Wallace,1,least_sandpiper,0
Wallace,1,dunlin,0
Wallace,2,black_bellied_plover,0
Wallace,2,snowy_plover,0
Wallace,2,semipalmated_plover,0
Wallace,2,killdeer,0
Wallace,2,greater_yellowlegs,0
Wallace,2,willet,0
Wallace,2,spotted_sandpiper,0
Wallace,2,whimbrel,0
Wallace,2,long_billed_curlew,0
Wallace,2,marbled_godwit,0
Wallace,2,black_turnstone,0
Wallace,2,sanderling,0
Wallace,2,western_sandpiper,0
Wallace,2,least_sandpiper,0
Wallace,2,dunlin,0
Wallace,3,black_bellied_plover,0
Wallace,3,snowy_plover,0
Wallace,3,semipalmated_plover,0
Wallace,3,killdeer,0
Wallace,3,greater_yellowlegs,0
Wallace,3,willet,36
Wallace,3,spotted_sandpiper,0
Wallace,3,whimbrel,7
Wallace,3,long_billed_curlew,0
Wallace,3,marbled_godwit,9
Wallace,3,black_turnstone,0
Wallace,3,sanderling,62
Wallace,3,western_sandpiper,0
Wallace,3,least_sandpiper,0
Wallace,3,dunlin,0
